"Sample.Name","Alpha (ug/g)","Beta (ug/g)","Lut (ug/g)","Color.Score","Total.Carotenoid(ug/g)","Ratio Alpha","Ratio Beta","Ratio Lutein","Ratio alpha_beta"
"80001",4.345264218,7.4445329135,1.644238236,"1",13.4340353675,0.323451896554641,0.554154631117767,0.122393472327592,0.877606527672408
"80002",37.120507025,65.945640545,48.308723405,"1",151.374870975,0.245222385894754,0.435644569803737,0.31913304430151,0.68086695569849
"80003",57.0016745,99.943655645,17.640943845,"1",174.58627399,0.326495738738688,0.572459984172207,0.101044277089105,0.898955722910895
"80004",189.3269981,287.99275325,32.24578853,"1",509.56553988,0.371545921540506,0.565173134191572,0.0632809442679223,0.936719055732078
"80005",34.820705665,75.957544145,6.0727455555,"1",116.8509953655,0.297992375298848,0.650037630466144,0.0519699942350081,0.948030005764992
"80006",186.23925825,273.05865345,47.201936625,"1",506.499848325,0.367698546931248,0.539109052752943,0.0931924003158091,0.906807599684191
"80007",196.40820935,137.99803685,29.012563,"1",363.4188092,0.540445910827667,0.379721779271077,0.0798323099012565,0.920167690098744
"80008",102.4962592,177.6113444,40.95608425,"1",321.06368785,0.31923964957347,0.55319661214064,0.12756373828589,0.87243626171411
"80009",NA,NA,NA,"1",NA,NA,NA,NA,NA
"80010",0,0.038197246,2.4937911235,"4",2.5319883695,0,0.0150858694534774,0.984914130546523,0.0150858694534774
"80011",4.4945255165,57.81284807,41.242124055,"4",103.5494976415,0.0434046095719416,0.558311236527236,0.398284153900822,0.601715846099178
"80013",0,1.664058249,1.466524699,"1",3.130582948,0,0.531549004335789,0.468450995664211,0.531549004335789
"80017",6.760185459,9.171870212,4.3796808655,"1",20.3117365365,0.332821639688562,0.451555197927968,0.21562316238347,0.78437683761653
"80018",0,0,1.753930831,"2",1.753930831,0,0,1,0
"80020",0,0,1.634281488,"3",1.634281488,0,0,1,0
"80024",52.50918318,145.4076196,34.637975415,"1",232.554778195,0.225792751228575,0.625261801664956,0.148945447106469,0.851054552893531
"80027",256.79374965,187.45462515,50.77543894,"1",495.02381374,0.518750295485532,0.378677994769068,0.1025717097454,0.8974282902546
"80028",197.2256615,316.5325454,25.207646155,"1",538.965853055,0.365933500948294,0.587296103465202,0.0467703955865041,0.953229604413496
"80029",61.76554517,122.0740253,41.418822635,"1",225.258393105,0.274198640586099,0.541928864968408,0.183872494445494,0.816127505554506
"80030",89.44252109,170.32320305,37.16568667,"1",296.93141081,0.301222834074743,0.573611267953683,0.125165897971574,0.874834102028426
"80031",118.30813916,142.2260678,27.936576825,"1",288.470783785,0.410121737833167,0.493034566391314,0.0968436957755188,0.903156304224481
"80032",143.0343741,323.2683598,36.34347205,"1",502.64620595,0.284562725047661,0.64313299488459,0.0723042800677485,0.927695719932252
"80034",2.7556923,4.368065454,0.845545854,"1",7.969303608,0.345788344320788,0.548111311710487,0.106100343968725,0.893899656031275
"80035",111.29318855,245.63706925,32.37223161,"1",389.30248941,0.28587844048639,0.630967116655921,0.0831544428576892,0.916845557142311
"80036",145.36889115,359.93433905,50.10642277,"1",555.40965297,0.261732741540688,0.648052004723515,0.0902152537357979,0.909784746264202
"80037",149.63795365,240.2121543,29.548515485,"1",419.398623435,0.35679171386978,0.572753797646236,0.0704544884839841,0.929545511516016
"80038",119.2697967,240.91937575,50.46611225,"1",410.6552847,0.29043774947918,0.586670584127515,0.122891666393305,0.877108333606695
"80039",165.30096535,295.9105097,47.279710655,"1",508.491185705,0.325081279670203,0.581938326599966,0.092980393729832,0.907019606270168
"80040",3.739142695,9.391011,2.713491833,"1",15.843645528,0.236002673020671,0.592730440945775,0.171266886033554,0.828733113966446
"80041",166.2820225,306.9946904,47.52295057,"1",520.79966347,0.319282123556093,0.589467912391775,0.0912499640521321,0.908750035947868
"80042",75.6734784,174.7336348,16.50364321,"1",266.91075641,0.283516031417477,0.654651903693206,0.0618320648893177,0.938167935110682
"80043",140.088984,143.0095445,7.119282571,"1",290.217811071,0.482702917105691,0.492766257082042,0.0245308258122666,0.975469174187733
"80044",45.35555066,103.693220615,16.31954111,"1",165.368312385,0.274269900961474,0.627044075854073,0.0986860231844531,0.901313976815547
"80045",68.32906089,71.123783765,5.3979673365,"1",144.8508119915,0.471720247546901,0.491014049470248,0.0372657029828508,0.962734297017149
"80046",156.1602469,169.32343245,31.28428617,"1",356.76796552,0.437708152054492,0.4746038008295,0.0876880471160078,0.912311952883992
"80047",377.466946,532.2490698,46.08920429,"1",955.80522009,0.394920364595265,0.556859346039021,0.0482202893657143,0.951779710634286
"80048",371.54319415,552.44932955,22.779464775,"1",946.771988475,0.392431544947224,0.583508316970647,0.0240601380821286,0.975939861917871
"80049",497.9424323,265.80454195,49.190097955,"1",812.937072205,0.61252272694292,0.326968164004423,0.0605091090526569,0.939490890947343
"80050",51.099954125,93.85307787,16.606007295,"1",161.55903929,0.316292758050356,0.580921242676696,0.102785999272947,0.897214000727053
"80051",8.7587659175,9.7116107055,1.546398474,"1",20.016775097,0.437571280840974,0.485173593570301,0.0772551255887251,0.922744874411275
"80052",63.243272475,127.31525335,13.789998775,"1",204.3485246,0.309487296758295,0.623029961186223,0.0674827420554814,0.932517257944518
"80053",392.79054865,561.2916883,35.181873835,"1",989.264110785,0.397053268553646,0.567383049865828,0.0355636815805261,0.964436318419474
"80054",0,0,8.9046158435,"2",8.9046158435,0,0,1,0
"80056",21.730934715,40.300722105,17.725081625,"1",79.756738445,0.272465187753203,0.505295513466756,0.222239298780042,0.777760701219958
"80057",0.1158271905,2.431019455,6.4394241365,"1",8.986270782,0.0128893501330951,0.270525951640526,0.716584698226379,0.283415301773621
"80059",0,3.432411321,32.241405315,"1",35.673816636,0,0.0962165432429847,0.903783456757015,0.0962165432429847
"80060",0,2.0459779715,25.37914243,"2",27.4251204015,0,0.0746023332458404,0.92539766675416,0.0746023332458404
"80061",0,0.282286216,4.304343011,"3",4.586629227,0,0.061545462261975,0.938454537738025,0.061545462261975
"80062",0,0,2.4211384425,"1",2.4211384425,0,0,1,0
"80063",26.639979275,47.045928565,15.71971991,"1",89.40562775,0.297967588231603,0.526207686797434,0.175824724970962,0.824175275029038
"80064",0,0,5.2622594275,"5",5.2622594275,0,0,1,0
"80066",0,6.9285112125,8.5922325365,"1",15.520743749,0,0.446403299000823,0.553596700999177,0.446403299000823
"80067",3.2597377875,6.504445181,14.42630717,"1",24.1904901385,0.134752862337089,0.268884389847395,0.596362747815516,0.403637252184484
"80068",0,0,1.353608741,"1",1.353608741,0,0,1,0
"80069",12.24345224,28.428955615,11.965881645,"1",52.6382895,0.232595936461803,0.540081296049713,0.227322767488484,0.772677232511516
"80070",0,0,6.76932781,"1",6.76932781,0,0,1,0
"80071",16.10974304,24.089894045,6.0758453075,"1",46.2754823925,0.348126960695086,0.520575751986203,0.13129728731871,0.86870271268129
"80072",0,0,3.0943375835,"5",3.0943375835,0,0,1,0
"80076",0,0,4.2770309765,"2",4.2770309765,0,0,1,0
"80077",49.50660204,89.24484066,7.926652704,"1",146.678095404,0.337518713367817,0.608440138346426,0.0540411482857572,0.945958851714243
"80079",0,9.3985620845,14.649181725,"1",24.0477438095,0,0.390829266934685,0.609170733065315,0.390829266934685
"80080",90.659891155,80.610832205,43.21133174,"1",214.4820551,0.422692197315672,0.375839517983992,0.201468284700336,0.798531715299664
"80098",7.5868861755,11.042577385,21.351202655,"1",39.9806662155,0.189763875734483,0.276197933408096,0.53403819085742,0.46596180914258
"80101",0,0,14.719654235,"2",14.719654235,0,0,1,0
"80103",0,0,8.9946413205,"2",8.9946413205,0,0,1,0
"80104",0,0,6.7193214675,"2",6.7193214675,0,0,1,0
"80106",0,31.75368395,15.31105553,"1",47.06473948,0,0.674680967128133,0.325319032871868,0.674680967128133
"80108",0,0,32.782880555,"2",32.782880555,0,0,1,0
"80110",0,0,7.2118469375,"5",7.2118469375,0,0,1,0
"80111",21.2886112,74.749421395,26.772893275,"1",122.81092587,0.173344603089588,0.608654489537235,0.218000907373177,0.781999092626823
"80112",0,0,28.7023616,"2",28.7023616,0,0,1,0
"80113",0,0,23.38416742,"1",23.38416742,0,0,1,0
"80114",0,0,15.90490684,"2",15.90490684,0,0,1,0
"80115",0,0,20.2060043,"5",20.2060043,0,0,1,0
"80116",0,0,12.25507665,"5",12.25507665,0,0,1,0
"80117",0,11.617196405,54.233110265,"5",65.85030667,0,0.176418258205205,0.823581741794795,0.176418258205205
"80118",0,0,21.22282823,"5",21.22282823,0,0,1,0
"80119",0,0,13.41526519,"5",13.41526519,0,0,1,0
"80120",0,0,1.9854309095,"3",1.9854309095,0,0,1,0
"80122",0,0,22.469605825,"2",22.469605825,0,0,1,0
"80123",0,0,27.63456919,"5",27.63456919,0,0,1,0
"80124",0,0,4.0508786075,"2",4.0508786075,0,0,1,0
"80127",0,0,37.53746429,"2",37.53746429,0,0,1,0
"80130",0,11.628724295,24.88077769,"2",36.509501985,0,0.318512268389136,0.681487731610864,0.318512268389136
"80131",0,0,29.23814789,"2",29.23814789,0,0,1,0
"80132",0,0,7.2966360825,"3",7.2966360825,0,0,1,0
"80133",0,0,4.8240161435,"5",4.8240161435,0,0,1,0
"80134",0,0,3.0542837275,"3",3.0542837275,0,0,1,0
"80135",0,25.67598502,23.27402491,"1",48.95000993,0,0.524534827607133,0.475465172392867,0.524534827607133
"80136",0,19.61473977,30.181197055,"5",49.795936825,0,0.393902414948692,0.606097585051308,0.393902414948692
"80138",0,0,10.78770149,"2",10.78770149,0,0,1,0
"80139",0,0,21.735563705,"2",21.735563705,0,0,1,0
"80140",0,0,4.213676638,"5",4.213676638,0,0,1,0
"80141",6.934670753,66.871211545,7.165858621,"2",80.971740919,0.0856430981265068,0.825858636433352,0.0884982654401411,0.911501734559859
"80142",35.33375179,144.1019257,63.189138995,"2",242.624816485,0.145631235509598,0.593929045625508,0.260439718864894,0.739560281135106
"80144",0,0,22.84254536,"2",22.84254536,0,0,1,0
"80145",0,9.232884888,52.660133225,"2",61.893018113,0,0.149174901620458,0.850825098379542,0.149174901620458
"80146",0,0,17.68373818,"2",17.68373818,0,0,1,0
"80147",0,0,26.860654575,"2",26.860654575,0,0,1,0
"80148",0,0,17.54784331,"2",17.54784331,0,0,1,0
"80149",0,29.21803803,8.1653252005,"1",37.3833632305,0,0.781578635657956,0.218421364342044,0.781578635657956
"80150",247.6043898,459.1574321,92.52142098,"1",799.28324288,0.309783036246106,0.574461476817093,0.115755486936801,0.884244513063199
"80151",134.543135,285.8018977,36.01717135,"1",456.36220405,0.294816559754495,0.626261103929384,0.0789223363161203,0.92107766368388
"80152",144.1381904,393.3757569,53.473728415,"1",590.987675715,0.243893733021786,0.665624298212444,0.0904819687657706,0.90951803123423
"80153",28.902425635,65.581364095,22.793721995,"1",117.277511725,0.246444737869032,0.559198120171406,0.194357141959562,0.805642858040438
"80154",228.1237963,353.08381475,58.19779069,"1",639.40540174,0.356774896926444,0.55220649339083,0.0910186096827265,0.908981390317273
"80155",15.18268583,37.527827215,26.593459415,"1",79.30397246,0.191449247232325,0.473214973359987,0.335335779407689,0.664664220592311
"80157",0,0,43.52632382,"5",43.52632382,0,0,1,0
"80160",0,9.188304976,43.0086886,"2",52.196993576,0,0.176031306527676,0.823968693472324,0.176031306527676
"80162",90.437161375,251.62709995,57.6116187,"1",399.675880025,0.226276255072843,0.629577896805433,0.144145848121724,0.855854151878276
"80163",139.8493831,183.15786855,36.894249125,"1",359.901500775,0.3885768267119,0.508911099719212,0.102512073568888,0.897487926431112
"80164",70.73807428,137.70601635,69.540139915,"1",277.984230545,0.25446793921121,0.495373482445466,0.250158578343324,0.749841421656676
"80165",0,7.9531181365,37.043114865,"5",44.9962330015,0,0.176750754585053,0.823249245414947,0.176750754585053
"80167",0,0,17.831122725,"3",17.831122725,0,0,1,0
"80168",0,0,33.051079375,"5",33.051079375,0,0,1,0
"80170",0,0,1.8970164545,"5",1.8970164545,0,0,1,0
"80171",0,0,37.188037895,"2",37.188037895,0,0,1,0
"80173",17.808367015,114.3889921,216.8314553,"1",349.028814415,0.0510226270138992,0.327735096289185,0.621242276696916,0.378757723303084
"80174",0,0,21.640069275,"1",21.640069275,0,0,1,0
"80175",0,0,106.1945741,"2",106.1945741,0,0,1,0
"80176",0,0,70.431673175,"5",70.431673175,0,0,1,0
"80177",0,0,49.361732825,"2",49.361732825,0,0,1,0
"80180",0,0,35.06801162,"2",35.06801162,0,0,1,0
"80181",0,0,23.33080516,"2",23.33080516,0,0,1,0
"80182",0,6.581053385,47.31846065,"2",53.899514035,0,0.12209856624545,0.87790143375455,0.12209856624545
"80185",0,0,19.935176155,"3",19.935176155,0,0,1,0
"80186",0,62.70118818,115.43133735,"5",178.13252553,0,0.351991799327183,0.648008200672817,0.351991799327183
"80187",0,0,35.375358925,"2",35.375358925,0,0,1,0
"80188",0,0,57.150886165,"2",57.150886165,0,0,1,0
"80189",0,0,3.758561399,"5",3.758561399,0,0,1,0
"80191",94.656375995,119.63908325,35.44316945,"1",249.738628695,0.379021765634029,0.479057180201435,0.141921054164536,0.858078945835464
"80192",372.9226049,598.595195,120.02635315,"1",1091.54415305,0.34164683476887,0.5483930204082,0.10996014482293,0.89003985517707
"80194",231.53939525,329.020149,67.49440802,"1",628.05395227,0.368661632353619,0.52387242817406,0.107465939472321,0.892534060527679
"80196",232.66085595,270.0277919,33.605894405,"1",536.294542255,0.433830363016026,0.503506507384157,0.0626631295998177,0.937336870400182
"80197",385.12304915,579.75678905,101.07599885,"1",1065.95583705,0.36129362564946,0.54388443582659,0.0948219385239493,0.905178061476051
"80198",19.036025075,36.326831255,8.1324534565,"1",63.4953097865,0.299802066310216,0.572118340349032,0.128079593340752,0.871920406659248
"80199",53.631986525,95.662939895,17.166509155,"1",166.461435575,0.322188657929938,0.574685299117816,0.103126042952246,0.896873957047754
"80200",64.699801745,166.0309814,88.632220795,"1",319.36300394,0.202590158993981,0.519881699982985,0.277528141023034,0.722471858976966
"80201",627.69690575,625.3200691,192.7990241,"1",1445.81599895,0.434147157180343,0.432503215868498,0.133349626951159,0.866650373048841
"80203",159.3210816,256.9038464,63.63765841,"1",479.86258641,0.3320139683986,0.535369611375575,0.132616420225825,0.867383579774175
"80204",148.01608895,330.39330345,96.418660795,"1",574.828053195,0.257496286284741,0.574768927183726,0.167734786531533,0.832265213468467
"80205",0,19.682493845,88.67106176,"5",108.353555605,0,0.181650650364922,0.818349349635078,0.181650650364922
"80206",11.22932124,27.402843695,164.6771361,"2",203.309301035,0.0552326980754651,0.134784014088379,0.809983287836155,0.190016712163844
"80208",0,0,128.40102855,"2",128.40102855,0,0,1,0
"80209",144.67167935,324.0296497,297.9489963,"1",766.65032535,0.18870621268432,0.42265637799354,0.38863740932214,0.61136259067786
"80210",216.85634765,339.8778939,192.64726385,"1",749.3815054,0.289380437183658,0.453544545002591,0.25707501781375,0.74292498218625
"80211",406.79511015,858.59191915,116.6224682,"1",1382.0094975,0.294350444686434,0.621263399928263,0.0843861553853033,0.915613844614697
"80212",23.452643945,27.286794055,24.780081985,"1",75.519519985,0.310550754952604,0.36132107381535,0.328128171232046,0.671871828767954
"80213",209.73412565,381.68311805,78.71162835,"1",670.12887205,0.3129758086805,0.569566741517028,0.117457449802472,0.882542550197528
"80214",0,0,58.258778635,"1",58.258778635,0,0,1,0
"80215",NA,NA,NA,"1",NA,NA,NA,NA,NA
"80217",NA,NA,NA,"1",NA,NA,NA,NA,NA
"80218",0,0,53.99261312,"5",53.99261312,0,0,1,0
"80219",0,0,15.137157495,"5",15.137157495,0,0,1,0
"80220",0,0,2.722922679,"5",2.722922679,0,0,1,0
"80221",0,0,2.756250133,"1",2.756250133,0,0,1,0
"80223",NA,NA,NA,"1",NA,NA,NA,NA,NA
"80226",NA,NA,NA,"1",NA,NA,NA,NA,NA
"80227",13.32820641,15.053944145,3.1628468385,"1",31.5449973935,0.422514107189191,0.477221283527573,0.100264609283237,0.899735390716763
"80228",NA,NA,NA,"1",NA,NA,NA,NA,NA
"80229",123.85390975,352.5728857,77.16344442,"1",553.59023987,0.223728492357605,0.636884215629949,0.139387292012446,0.860612707987554
"80231",39.55932161,100.76496605,10.43773794,"1",150.7620256,0.262395795310938,0.668371001576673,0.0692332031123891,0.930766796887611
"80232",384.03764105,535.4185778,48.787502735,"1",968.243721585,0.396633236538148,0.552979137239876,0.050387626221976,0.949612373778024
"80233",0,0,47.41057648,"1",47.41057648,0,0,1,0
"80235",192.01126165,160.77322975,65.218977075,"1",418.003468475,0.459353273671421,0.384621760045552,0.156024966283026,0.843975033716974
"80236",89.51225007,205.30276425,59.865694365,"1",354.680708685,0.252374171693386,0.578838259941377,0.168787568365237,0.831212431634763
"80237",422.4791454,626.78343815,147.6971409,"1",1196.95972445,0.352960201392013,0.523646222464173,0.123393576143814,0.876606423856186
"80238",55.13548646,32.109981655,10.798909645,"1",98.04437776,0.562352352268119,0.327504568733162,0.11014307899872,0.88985692100128
"80240",6.797532598,9.037065614,3.717472885,"1",19.552071097,0.347663046245929,0.462205030309378,0.190131923444693,0.809868076555307
"80241",NA,NA,NA,"1",NA,NA,NA,NA,NA
"80243",NA,NA,NA,"1",NA,NA,NA,NA,NA
"80245",NA,NA,NA,"1",NA,NA,NA,NA,NA
"80246",11.3681363,54.023004935,12.981577655,"1",78.37271889,0.145052212823645,0.689308801584694,0.165638985591661,0.834361014408339
"80247",NA,NA,NA,"1",NA,NA,NA,NA,NA
"80248",359.79839525,323.85467645,24.146180395,"1",707.799252095,0.508333957947879,0.457551594596108,0.0341144474560127,0.965885552543987
"80249",6.936297398,34.621528545,37.76984367,"1",79.327669613,0.0874385625071141,0.436436979857105,0.47612445763578,0.52387554236422
"80251",0,0,55.61703547,"2",55.61703547,0,0,1,0
"80253",NA,NA,NA,"1",NA,NA,NA,NA,NA
"80254",98.25471086,226.389079,70.49778608,"1",395.14157594,0.248656979783164,0.572931558673481,0.178411461543355,0.821588538456645
"80256",0,5.745825917,3.0685662925,"1",8.8143922095,0,0.65186864623601,0.34813135376399,0.65186864623601
"80258",NA,NA,NA,"1",NA,NA,NA,NA,NA
"80259",113.7294871,246.4581446,87.11166298,"1",447.29929468,0.254258140919633,0.550991578862912,0.194750280217455,0.805249719782545
"80260",219.8857639,324.3091801,57.945096905,"1",602.140040905,0.365173795068532,0.538594277192681,0.0962319277387867,0.903768072261213
"80262",0,0,43.330634615,"2",43.330634615,0,0,1,0
"80263",0,0,67.96642164,"2",67.96642164,0,0,1,0
"80264",0,0,46.928171465,"2",46.928171465,0,0,1,0
"80266",0,117.7533338,103.4035706,"1",221.1569044,0,0.532442494252963,0.467557505747037,0.532442494252963
"80267",0,43.599427625,70.31690572,"1",113.916333345,0,0.382732013441457,0.617267986558543,0.382732013441457
"80270",70.92165918,231.96487575,111.3525234,"1",414.23905833,0.171209493054373,0.559978280863141,0.268812226082486,0.731187773917514
"80271",35.32563124,41.283780065,11.705463,"1",88.314874305,0.399996393789806,0.467461233341332,0.132542372868862,0.867457627131138
"80272",124.3887589,178.30805235,45.208264535,"1",347.905075785,0.3575364878461,0.512519261030246,0.129944251123654,0.870055748876346
"80273",10.52881021,9.2082681625,4.65484241,"1",24.3919207825,0.431651541667596,0.377513039854839,0.190835418477565,0.809164581522435
"80274",NA,NA,NA,"1",NA,NA,NA,NA,NA
"80275",34.02257791,25.35309828,5.511188984,"1",64.886865174,0.524336902680772,0.390727741462211,0.0849353558570174,0.915064644142983
"80276",395.401285,457.9533418,53.42926639,"1",906.78389319,0.436047980085979,0.505030300206319,0.058921719707702,0.941078280292298
"80277",76.928339885,196.00158185,28.30134861,"1",301.231270345,0.255379661603173,0.650668111665563,0.0939522267312636,0.906047773268736
"80286",NA,NA,NA,"1",NA,NA,NA,NA,NA
"80287",290.9811948,469.45571755,89.08335326,"1",849.52026561,0.342524135773336,0.552612735156949,0.104863129069715,0.895136870930285
"80288",88.857349415,182.4854454,48.69443927,"1",320.037234085,0.277646910894749,0.570200670311795,0.152152418793455,0.847847581206545
"80290",16.96081145,49.786629105,12.053857675,"1",78.80129823,0.215235177985214,0.631799605124348,0.152965216890438,0.847034783109563
"80291",70.809788695,258.42192125,99.691118265,"1",428.92282821,0.165087479700035,0.602490481396054,0.232422038903911,0.767577961096089
"80292",16.20046158,53.348406475,4.4417808695,"1",73.9906489245,0.218952824653977,0.721015523589159,0.0600316517568644,0.939968348243136
"80293",66.733756575,220.7427256,34.682787245,"1",322.15926942,0.207145231907014,0.685197498732272,0.107657269360715,0.892342730639285
"80294",305.9462318,466.9042262,91.26004516,"1",864.11050316,0.354059151788079,0.540329303361734,0.105611544850187,0.894388455149813
"80295",32.803125515,61.438253925,10.7756665,"1",105.01704594,0.312360009952495,0.58503125254639,0.102608737501115,0.897391262498885
"80296",NA,NA,NA,"1",NA,NA,NA,NA,NA
"80297",NA,NA,NA,"1",NA,NA,NA,NA,NA
"80298",0,0,2.3498128885,"3",2.3498128885,0,0,1,0
"80299",0,0,2.440088775,"3",2.440088775,0,0,1,0
"80300",0,0,65.370953975,"2",65.370953975,0,0,1,0
"80301",0,0,69.31535226,"2",69.31535226,0,0,1,0
"80302",30.64878741,127.0607045,21.04882374,"1",178.75831565,0.171453771526964,0.710796049056418,0.117750179416618,0.882249820583382
"80304",0,0,3.949436992,"3",3.949436992,0,0,1,0
"80307",0,0,39.016321135,"5",39.016321135,0,0,1,0
"80308",0,27.384680665,18.5750693,"5",45.959749965,0,0.595840505787225,0.404159494212775,0.595840505787225
"80312",0,0,27.76179633,"2",27.76179633,0,0,1,0
"80313",199.5842661,549.22274595,106.9650236,"1",855.77203565,0.233221299348028,0.641786273762543,0.124992426889428,0.875007573110571
"80314",211.87472725,276.01062955,75.3257631,"1",563.2111199,0.376190596676463,0.490066015740255,0.133743387583282,0.866256612416718
"80315",485.93991135,610.51976085,45.801471505,"1",1142.261143705,0.425419278269259,0.534483523504738,0.0400971982260027,0.959902801773997
"80316",847.45003515,1018.624205,113.1447505,"1",1979.21899065,0.428173961119728,0.514659676272342,0.0571663626079304,0.942833637392069
"80317",25.857666065,45.507192425,8.825947063,"1",80.190805553,0.322451755992276,0.567486410832015,0.110061833175709,0.889938166824291
"80319",62.93275056,116.4233388,10.88504864,"1",190.241138,0.33080516244599,0.611977724817857,0.0572171127361528,0.942782887263847
"80320",867.65159165,1284.115692,130.11325995,"1",2281.8805436,0.380235325676231,0.562744485289366,0.0570201890344038,0.942979810965596
"80322",43.807789075,101.12835055,23.313352315,"1",168.24949194,0.260373975397337,0.601061847996924,0.138564176605739,0.861435823394261
"80324",359.26531595,623.1918873,214.9488343,"1",1197.40603755,0.300036332441658,0.520451599338104,0.179512068220238,0.820487931779762
"80326",593.23601795,1135.5635395,252.11145385,"1",1980.9110113,0.299476359395206,0.573253181501965,0.127270459102829,0.872729540897171
"80330",0,0,89.200066935,"2",89.200066935,0,0,1,0
"80331",159.7595808,385.0475659,35.32458992,"1",580.13173662,0.275385004328157,0.663724360510577,0.0608906351612659,0.939109364838734
"80332",85.802300265,222.2225512,159.49443135,"1",467.519282815,0.183526762251114,0.475322750030686,0.341150487718199,0.658849512281801
"80333",0,0,3.976160145,"3",3.976160145,0,0,1,0
"80334",0,441.41587755,91.603214755,"1",533.019092305,0,0.828142713689919,0.171857286310081,0.828142713689919
"80335",0,31.5021057,117.3993761,"1",148.9014818,0,0.211563413064705,0.788436586935295,0.211563413064705
"80336",0,102.5951182,87.188121985,"1",189.783240185,0,0.540591034803656,0.459408965196344,0.540591034803656
"80339",NA,NA,NA,"1",NA,NA,NA,NA,NA
"80340",212.55745135,334.34718055,56.75584414,"1",603.66047604,0.352114242668946,0.553866277188314,0.0940194801427404,0.90598051985726
"80341",23.466096615,82.055490155,72.558119655,"1",178.079706425,0.131772996969101,0.460779567769326,0.407447435261572,0.592552564738428
"80342",196.2431085,401.31675565,142.4640584,"1",740.02392255,0.265184817031021,0.542302408639884,0.192512774329095,0.807487225670905
"80343",77.68409954,206.69958815,80.453622015,"1",364.837309705,0.212928057173796,0.56655276927991,0.220519173546294,0.779480826453706
"80344",193.4736598,362.74766145,39.338159765,"1",595.559481015,0.324860347232264,0.609087207933919,0.066052444833817,0.933947555166183
"80345",649.6251739,1104.1583065,119.3185545,"1",1873.1020349,0.346817825081634,0.589481131260929,0.0637010436574375,0.936298956342563
"80347",136.7741925,310.69506215,86.06903894,"1",533.53829359,0.256353094319983,0.582329452042584,0.161317453637433,0.838682546362567
"80348",205.40187385,313.41137135,51.713795245,"1",570.527040445,0.360021277325945,0.549336576765135,0.09064214590892,0.90935785409108
"80349",9.817350017,24.682731635,6.6613130635,"1",41.1613947155,0.238508682343145,0.59965731981636,0.161833997840495,0.838166002159505
"80350",10.183016495,18.108955115,6.901724121,"1",35.193695731,0.289342062079328,0.514551107488519,0.196106830432153,0.803893169567847
"80351",225.82313465,385.5757286,57.26460627,"1",668.66346952,0.337723152144242,0.576636448940131,0.085640398915627,0.914359601084373
"80352",205.4407301,566.0330176,76.79710508,"1",848.27085278,0.242187656721575,0.667278635998119,0.0905337072803059,0.909466292719694
"80354",0,0,27.266661365,"2",27.266661365,0,0,1,0
"80355",3.102882444,10.883597875,9.951583798,"1",23.938064117,0.129621277177399,0.454656559603366,0.415722163219236,0.584277836780764
"80356",85.53351534,243.7331017,170.87680385,"1",500.14342089,0.171017975579473,0.487326417822871,0.341655606597657,0.658344393402343
"80357",33.38260612,90.67772837,16.850238525,"1",140.910573015,0.236906325804568,0.643512594050322,0.119581080145109,0.880418919854891
"80358",30.149854035,53.37752103,11.440778825,"1",94.96815389,0.317473308683267,0.562057056429951,0.120469634886782,0.879530365113218
"80359",62.14223127,137.6472284,33.049026715,"1",232.838486385,0.266889861013988,0.591170431216424,0.141939707769588,0.858060292230412
"80360",129.23127815,126.66914985,25.32774069,"1",281.22816869,0.459524658400961,0.450414161710907,0.0900611798881319,0.909938820111868
"80361",129.95624155,223.4953281,73.429043115,"1",426.880612765,0.304432287773026,0.523554645998963,0.172013066228011,0.827986933771989
"80362",NA,NA,NA,"1",NA,NA,NA,NA,NA
"80363",296.40069985,420.0328911,63.37641069,"1",779.81000164,0.380093483318561,0.53863491134589,0.0812716053355491,0.918728394664451
"80364",313.2087399,458.5800019,80.82291035,"1",852.61165215,0.36735216919707,0.537853313104055,0.0947945176988747,0.905205482301125
"80365",26.23796178,46.1399402,9.857346586,"1",82.235248566,0.319059797806072,0.56107254498014,0.119867657213789,0.880132342786211
"80366",140.71386385,352.87157745,80.58234144,"1",574.16778274,0.245074467916845,0.614579201511539,0.140346330571616,0.859653669428384
"80367",424.0172241,699.37069535,105.68561285,"1",1229.0735323,0.344989305323762,0.569022663795589,0.0859880308806484,0.914011969119352
"80368",NA,NA,NA,"1",NA,NA,NA,NA,NA
"80369",66.72503876,130.69061385,35.908568885,"1",233.324221495,0.285975619386905,0.560124504059689,0.153899876553406,0.846100123446594
"80370",153.81790095,379.02108605,68.200820605,"1",601.039807605,0.255919656241951,0.630608956768285,0.113471386989764,0.886528613010237
"80371",224.9136963,436.1952122,143.12437805,"1",804.23328655,0.279662257284618,0.542373984632233,0.177963758083149,0.822036241916851
"80372",189.3590547,306.33303605,119.73353455,"1",615.4256253,0.307687959219595,0.497758012433546,0.19455402834686,0.80544597165314
"80373",48.67779997,62.56060583,63.36091441,"1",174.59932021,0.278797190684664,0.358309561313039,0.362893248002297,0.637106751997703
"80376",461.5081549,817.61031885,125.66430115,"1",1404.7827749,0.328526348091685,0.582019037717915,0.0894546141904007,0.910545385809599
"80377",0,0,3.2991776085,"2",3.2991776085,0,0,1,0
"80378",207.84310375,494.90210565,96.323102315,"1",799.068311715,0.26010680276373,0.619348932243123,0.120544264993148,0.879455735006852
"80381",NA,NA,NA,"1",NA,NA,NA,NA,NA
"80382",0,0,28.04174263,"2",28.04174263,0,0,1,0
"80383",192.37168835,229.2122531,82.140691375,"1",503.724632825,0.381898513223657,0.455034830864885,0.163066655911458,0.836933344088542
"80384",78.88479164,164.48106465,57.296931945,"2",300.662788235,0.26236965373428,0.547061595535529,0.190568750730191,0.809431249269809
"80386",0,11.37384541,64.749080075,"2",76.122925485,0,0.14941419207859,0.85058580792141,0.14941419207859
"80387",0,0,20.835936415,"2",20.835936415,0,0,1,0
"80388",53.090011835,128.1107882,79.697030945,"1",260.89783098,0.203489663503833,0.491038149756871,0.305472186739297,0.694527813260703
"80389",0,0,52.237242715,"2",52.237242715,0,0,1,0
"80390",0,0,33.917301355,"2",33.917301355,0,0,1,0
"80391",0,0,42.904918875,"2",42.904918875,0,0,1,0
"80392",0,6.8378479315,3.93299357,"1",10.7708415015,0,0.634848069256959,0.365151930743041,0.634848069256959
"80394",116.43743025,215.83410995,72.198038045,"1",404.469578245,0.287876855300772,0.533622604910134,0.178500539789095,0.821499460210905
"80395",0,10.505186615,36.378710005,"1",46.88389662,0,0.224068120876255,0.775931879123745,0.224068120876255
"80397",25.58360209,45.71122891,14.02851202,"1",85.32334302,0.299842940799954,0.535741185144201,0.164415874055845,0.835584125944155
"80398",69.27128582,157.96172285,37.780179,"1",265.01318767,0.261388070642953,0.59605231059934,0.142559618757708,0.857440381242292
"80399",478.7844339,820.27668145,176.7103539,"1",1475.77146925,0.324429929617302,0.555829068756067,0.119741001626631,0.880258998373369
"80401",36.29808476,72.0016091,25.61315282,"1",133.91284668,0.27105752479998,0.537675143834826,0.191267331365194,0.808732668634806
"80402",NA,NA,NA,"1",NA,NA,NA,NA,NA
"80403",74.326922655,179.4066336,27.74038095,"1",281.473937205,0.264063250022566,0.637382755154828,0.0985539948226057,0.901446005177394
"80404",78.601201915,220.99193635,66.473427205,"1",366.06656547,0.214718330842595,0.603693309347343,0.181588359810062,0.818411640189938
"80405",0,53.95457371,7.598495442,"1",61.553069152,0,0.876553751962617,0.123446248037383,0.876553751962617
"80407",0,0,5.933068788,"3",5.933068788,0,0,1,0
"80408",0,0,3.733779441,"3",3.733779441,0,0,1,0
"80410",8.3517185905,21.087136135,55.152452575,"1",84.5913073005,0.0987302224900198,0.249282542236764,0.651987235273216,0.348012764726784
"80411",0,0,3.664235987,"3",3.664235987,0,0,1,0
"80413",525.7869407,756.87194605,74.24214231,"1",1356.90102906,0.387491002983645,0.557794511051647,0.0547144859647071,0.945285514035293
"80414",11.269829435,16.77008897,11.94678445,"1",39.986702855,0.281839427368311,0.419391642036899,0.29876893059479,0.70123106940521
"80415",NA,NA,NA,"1",NA,NA,NA,NA,NA
"80419",144.0802895,239.3247168,26.349459025,"1",409.754465325,0.35162591671996,0.584068599741013,0.064305483539028,0.935694516460972
"80421",0,0,15.335729445,"3",15.335729445,0,0,1,0
"80424",182.64895795,385.79390575,118.7960529,"1",687.2389166,0.265772140573216,0.561367955788434,0.17285990363835,0.82714009636165
"80425",NA,NA,NA,"1",NA,NA,NA,NA,NA
"80426",1171.6626415,808.50100855,35.855405585,"1",2016.019055635,0.581176372428163,0.401038376244584,0.0177852513272531,0.982214748672747
"80427",554.4922584,822.288885,108.90728825,"1",1485.68843165,0.373222437886376,0.553473304013527,0.0733042581000971,0.926695741899903
"80428",0,0,20.27745135,"1",20.27745135,0,0,1,0
"80429",23.67236351,45.59466351,4.4256000865,"1",73.6926271065,0.321231097865311,0.618714046441945,0.0600548556927433,0.939945144307257
"80431",0,0,86.94437187,"2",86.94437187,0,0,1,0
"80432",NA,NA,NA,"1",NA,NA,NA,NA,NA
"80433",NA,NA,NA,"1",NA,NA,NA,NA,NA
"80434",0,0,95.161965075,"2",95.161965075,0,0,1,0
"80435",0,0,103.99859145,"1",103.99859145,0,0,1,0
"80436",180.562861,447.0082164,177.7060446,"1",805.277122,0.22422450118979,0.555098616597728,0.220676882212481,0.779323117787519
"80439",0,7.7109104535,4.8450618115,"1",12.555972265,0,0.614122928177717,0.385877071822283,0.614122928177717
"80441",0,0,13.38145166,"2",13.38145166,0,0,1,0
"80442",0,0,2.754568148,"2",2.754568148,0,0,1,0
"80443",NA,NA,NA,"1",NA,NA,NA,NA,NA
"80444",NA,NA,NA,"1",NA,NA,NA,NA,NA
"80445",0,0,2.7340847115,"2",2.7340847115,0,0,1,0
"80446",54.477076855,141.30003185,85.707692905,"1",281.48480161,0.193534700784586,0.501981034293186,0.304484264922228,0.695515735077772
"80447",18.519392185,22.601116545,13.10105473,"1",54.22156346,0.341550316944697,0.416828934888113,0.241620748167191,0.75837925183281
"80448",339.72640965,616.3661353,66.465336455,"1",1022.557881405,0.332231960486397,0.602768944925748,0.0649990945878548,0.935000905412145
"80450",6.480472139,49.977220385,147.6124954,"1",204.070187924,0.0317560943365891,0.244902113794361,0.72334179186905,0.27665820813095
"80451",1493.205238,1472.3027745,98.224074555,"1",3063.732087055,0.487381140246939,0.480558590850953,0.032060268902108,0.967939731097892
"80452",0,0,3.006362849,"3",3.006362849,0,0,1,0
"80453",0,0,116.35547765,"2",116.35547765,0,0,1,0
"80454",0,13.788694045,65.72805444,"2",79.516748485,0,0.173406160434252,0.826593839565748,0.173406160434252
"80455",0,0,3.0994422045,"3",3.0994422045,0,0,1,0
"80456",0,0,2.6181602995,"2",2.6181602995,0,0,1,0
"80457",0,0,28.99071484,"2",28.99071484,0,0,1,0
"80458",0,0,16.930568465,"2",16.930568465,0,0,1,0
"80459",0,0,3.8234635515,"3",3.8234635515,0,0,1,0
"80460",0,0,3.1703614115,"5",3.1703614115,0,0,1,0
"80461",0,0,103.2616402,"2",103.2616402,0,0,1,0
"80462",NA,NA,NA,"1",NA,NA,NA,NA,NA
"80463",185.6370468,409.3373731,95.731878325,"1",690.706298225,0.268764085801818,0.592635935348974,0.138599978849208,0.861400021150792
"80464",NA,NA,NA,"1",NA,NA,NA,NA,NA
"80465",16.865756195,22.71312083,9.0957450375,"1",48.6746220625,0.346499992816457,0.466631683361311,0.186868323822232,0.813131676177768
"80466",2.3567516545,0,11.83356444,"1",14.1903160945,0.166081688301041,0,0.833918311698959,0.166081688301041
"80468",118.9851598,216.5027867,11.657352045,"1",347.145298545,0.342753193831822,0.623666192823104,0.0335806133450742,0.966419386654926
"80469",NA,NA,NA,"1",NA,NA,NA,NA,NA
"80470",19.732323535,34.6189402,4.673991004,"1",59.025254739,0.33430306437902,0.586510644521218,0.079186291099761,0.920813708900239
"80472",44.356925185,36.001906315,7.4786205725,"1",87.8374520725,0.50498875067993,0.40986965657069,0.0851415927493802,0.91485840725062
"80473",413.9977372,685.6058394,89.74559522,"1",1189.34917182,0.348087632302699,0.576454632200948,0.0754577354963529,0.924542264503647
"80474",NA,NA,NA,"1",NA,NA,NA,NA,NA
"80475",0,0,45.686196815,"2",45.686196815,0,0,1,0
"80479",337.21877275,547.72364615,55.49856748,"1",940.44098638,0.358575155308832,0.582411500649636,0.0590133440415313,0.940986655958469
"80480",41.82797865,69.561297545,13.713732405,"1",125.1030086,0.334348303195004,0.556032171595592,0.109619525209404,0.890380474790596
"80482",150.82088585,195.39229805,92.73129589,"1",438.94447979,0.343599003505308,0.445141258282778,0.211259738211914,0.788740261788086
"80483",29.44445815,78.996688955,8.790732719,"1",117.231879824,0.251164258341715,0.673849886853282,0.0749858548050028,0.925014145194997
"80484",87.30158917,230.06411525,30.36026963,"1",347.72597405,0.251064331356066,0.661624763230712,0.0873109054132219,0.912689094586778
"80485",70.13850208,209.82553825,43.734751215,"1",323.698791545,0.216678294488626,0.648212300232917,0.135109405278456,0.864890594721544
"80486",13.726291775,38.502994035,5.083918436,"1",57.313204246,0.239496150242865,0.671799710756657,0.0887041390004785,0.911295860999521
"80487",36.40941015,64.63067044,15.03091878,"1",116.07099937,0.313682231975427,0.556820142764314,0.129497625260259,0.870502374739741
"80489",NA,NA,NA,"1",NA,NA,NA,NA,NA
"80490",12.372800945,46.8334447,10.240958855,"1",69.4472045,0.178161252624647,0.674374800788418,0.147463946586936,0.852536053413064
"80491",188.32506745,438.3668301,82.48662917,"1",709.17852672,0.265553820870771,0.618133253593389,0.11631292553584,0.88368707446416
"80492",6.6311161215,23.33904057,5.322347275,"1",35.2925039665,0.187890213961421,0.661303051553204,0.150806734485375,0.849193265514625
"80493",312.9194325,424.05112935,136.44198905,"1",873.4125509,0.358272195856992,0.485510688978582,0.156217115164426,0.843782884835574
"80494",17.99880042,12.789836855,4.0783055565,"1",34.8669428315,0.516213896554741,0.366818419292133,0.116967684153126,0.883032315846874
"80495",NA,NA,NA,"1",NA,NA,NA,NA,NA
"80497",NA,NA,NA,"1",NA,NA,NA,NA,NA
"80498",NA,NA,NA,"1",NA,NA,NA,NA,NA
"80500",NA,NA,NA,"1",NA,NA,NA,NA,NA
"80502",NA,NA,NA,"1",NA,NA,NA,NA,NA
"80503",NA,NA,NA,"1",NA,NA,NA,NA,NA
"80504",NA,NA,NA,"1",NA,NA,NA,NA,NA
"80509",NA,NA,NA,"1",NA,NA,NA,NA,NA
"80510",NA,NA,NA,"1",NA,NA,NA,NA,NA
"80511",NA,NA,NA,"1",NA,NA,NA,NA,NA
"80512",NA,NA,NA,"1",NA,NA,NA,NA,NA
"80514",NA,NA,NA,"1",NA,NA,NA,NA,NA
"80515",NA,NA,NA,"1",NA,NA,NA,NA,NA
"80516",NA,NA,NA,"1",NA,NA,NA,NA,NA
"80517",NA,NA,NA,"1",NA,NA,NA,NA,NA
"80518",NA,NA,NA,"1",NA,NA,NA,NA,NA
"80519",NA,NA,NA,"1",NA,NA,NA,NA,NA
"80520",NA,NA,NA,"1",NA,NA,NA,NA,NA
"80521",NA,NA,NA,"1",NA,NA,NA,NA,NA
"80522",NA,NA,NA,"1",NA,NA,NA,NA,NA
"80525",NA,NA,NA,"1",NA,NA,NA,NA,NA
"80526",NA,NA,NA,"1",NA,NA,NA,NA,NA
"80527",NA,NA,NA,"1",NA,NA,NA,NA,NA
"80528",NA,NA,NA,"1",NA,NA,NA,NA,NA
"80529",NA,NA,NA,"1",NA,NA,NA,NA,NA
"80530",NA,NA,NA,"1",NA,NA,NA,NA,NA
"80531",NA,NA,NA,"1",NA,NA,NA,NA,NA
"80532",NA,NA,NA,"3",NA,NA,NA,NA,NA
"80533",NA,NA,NA,"2",NA,NA,NA,NA,NA
"80534",NA,NA,NA,"2",NA,NA,NA,NA,NA
"80535",NA,NA,NA,"2",NA,NA,NA,NA,NA
"80537",NA,NA,NA,"1",NA,NA,NA,NA,NA
"80539",NA,NA,NA,"1",NA,NA,NA,NA,NA
"80541",NA,NA,NA,"1",NA,NA,NA,NA,NA
"80543",NA,NA,NA,"1",NA,NA,NA,NA,NA
"80544",NA,NA,NA,"1",NA,NA,NA,NA,NA
"80547",NA,NA,NA,"1",NA,NA,NA,NA,NA
"80549",NA,NA,NA,"1",NA,NA,NA,NA,NA
"80550",NA,NA,NA,"1",NA,NA,NA,NA,NA
"80551",NA,NA,NA,"1",NA,NA,NA,NA,NA
"80552",NA,NA,NA,"1",NA,NA,NA,NA,NA
"80554",NA,NA,NA,"2",NA,NA,NA,NA,NA
"80555",NA,NA,NA,"1",NA,NA,NA,NA,NA
"80556",NA,NA,NA,"1",NA,NA,NA,NA,NA
"80557",0,3.9628703115,3.5996865845,"1",7.562556896,0,0.524011966587127,0.475988033412873,0.524011966587127
"80558",NA,NA,NA,"1",NA,NA,NA,NA,NA
"80559",83.2536806,225.24542945,17.87016104,"1",326.36927109,0.255090438882164,0.69015513837357,0.0547544227442666,0.945245577255733
"80560",13.285427965,28.06862805,4.6330654575,"1",45.9871214725,0.288894532634416,0.61035844713144,0.100747020234144,0.899252979765856
"80561",284.0873606,371.3688265,104.31596271,"1",759.77214981,0.373911258356921,0.488789733333698,0.137299008309382,0.862700991690618
"80562",434.2104749,709.393278,60.627196365,"1",1204.230949265,0.360570765238196,0.589084077628944,0.0503451571328603,0.94965484286714
"80563",82.059618825,166.56416285,118.8025329,"1",367.426314575,0.223336259733922,0.45332671135072,0.323337028915357,0.676662971084643
"80564",438.1998159,900.1769772,85.70186926,"1",1424.07866236,0.307707591920386,0.632111835527552,0.0601805725520624,0.939819427447938
"80565",272.60900025,448.09631265,95.9694355,"1",816.6747484,0.333803635760853,0.548683932652374,0.117512431586773,0.882487568413227
"80566",500.5989999,1101.90806,156.39420095,"1",1758.90126085,0.284608926630755,0.626475223212641,0.0889158501566037,0.911084149843396
"80567",194.75519875,357.3529637,183.72205995,"1",735.8302224,0.264674095764621,0.485645944976886,0.249679959258493,0.750320040741507
"80568",0,0,3.979497581,"3",3.979497581,0,0,1,0
"80569",342.32525115,703.1508256,53.10057594,"1",1098.57665269,0.311607979572272,0.640056225369662,0.048335795058066,0.951664204941934
"80570",387.16607615,517.16791565,147.60111365,"1",1051.93510545,0.368051293415459,0.49163480995224,0.140313896632301,0.859686103367699
"80571",228.85706885,441.01358865,99.08545162,"1",768.95610912,0.297620457313105,0.573522446105149,0.128857096581747,0.871142903418253
"80572",383.75072905,617.10176985,57.792652475,"1",1058.645151375,0.362492312510545,0.582916541060515,0.05459114642894,0.94540885357106
"80573",0,10.06425305,7.6246702355,"1",17.6889232855,0,0.568957922851635,0.431042077148365,0.568957922851635
"80574",8.594896057,28.859663655,9.0399751585,"1",46.4945348705,0.184858200666791,0.62071088000734,0.194430919325869,0.805569080674131
"80575",0,0,3.674589706,"2",3.674589706,0,0,1,0
"80578",219.21643895,234.72731175,39.40106923,"1",493.34481993,0.44434730049685,0.475787526832257,0.0798651726708929,0.920134827329107
"80579",616.35506355,1205.455798,99.30556428,"1",1921.11642583,0.320831707679408,0.627476701459775,0.0516915908608173,0.948308409139183
"80580",58.4479573,58.74532545,7.387638156,"1",124.580920906,0.469156568075947,0.471543515835182,0.0592999160888704,0.94070008391113
"80581",481.9921769,830.1825167,38.55119532,"1",1350.72588892,0.356839371225339,0.614619534214887,0.0285410945597736,0.971458905440226
"80582",8.5505071915,11.921735995,3.8476658755,"1",24.319909062,0.351584669568531,0.490204793307709,0.158210537123759,0.841789462876241
"80583",NA,NA,NA,"1",NA,NA,NA,NA,NA
"80585",NA,NA,NA,"1",NA,NA,NA,NA,NA
"80586",NA,NA,NA,"1",NA,NA,NA,NA,NA
"80587",8.099701712,20.92779997,10.1380962385,"1",39.1655979205,0.20680653793263,0.534341388390907,0.258852073676463,0.741147926323537
"80588",188.3175345,352.21845395,22.360403165,"1",562.896391615,0.334550971200402,0.625725194186187,0.0397238346134108,0.960276165386589
"80589",226.24374375,557.7753292,184.6619169,"1",968.68098985,0.233558566876629,0.57580910025536,0.190632332868011,0.809367667131988
"80590",120.1373866,187.78033885,27.01935527,"1",334.93708072,0.35868643251367,0.560643624307994,0.0806699431783356,0.919330056821664
"80591",91.193661525,188.9956309,62.56821354,"1",342.757505965,0.266058831500285,0.551397497096093,0.182543671403622,0.817456328596378
"80592",361.9811147,490.04977065,36.013281045,"1",888.044166395,0.407616116853125,0.551830403480211,0.0405534796666649,0.959446520333335
"80593",301.77037745,371.92070895,27.86430933,"1",701.55539573,0.430144760181046,0.530137336571975,0.0397179032469787,0.960282096753021
"80594",630.45060265,820.1827975,26.0991556,"1",1476.73255575,0.426922668018115,0.555403748841609,0.0176735831402761,0.982326416859724
"80601",323.93930255,843.24819605,173.0565398,"1",1340.2440384,0.241701729885494,0.629175114299841,0.129123155814666,0.870876844185335
"80603",54.31617573,81.98207458,9.01195229,"1",145.3102026,0.373794645923919,0.564186637366921,0.0620187167091597,0.93798128329084
"80604",139.5196017,392.44763545,81.2033259,"1",613.17056305,0.227537996941681,0.640030130438598,0.132431872619721,0.867568127380279
"80606",93.36456017,198.9791883,56.448983065,"1",348.792731535,0.267679202370739,0.570479744300615,0.161841053328646,0.838158946671354
"80607",25.65413297,31.226824335,5.349459011,"1",62.230416316,0.412244276813621,0.501793595216095,0.0859621279702834,0.914037872029717
"80608",88.490513705,150.25932465,23.13658659,"1",261.886424945,0.337896527945594,0.573757592366831,0.0883458796875746,0.911654120312425
"80610",7.8660725145,16.758229565,9.3390615935,"1",33.963363673,0.231604636991634,0.493420785006709,0.274974578001657,0.725025421998343
"80611",174.6802987,601.0580567,84.714218065,"1",860.452573465,0.203009792854208,0.698537113184018,0.0984530939617741,0.901546906038226
"80612",645.84880285,751.4688818,196.6512128,"1",1593.96889745,0.4051828137194,0.47144513484685,0.123372051433751,0.876627948566249
"80614",104.7574163,327.30254095,41.001985695,"1",473.061942945,0.221445453100377,0.691880938281382,0.0866736086182419,0.913326391381758
"80615",0,2.624584763,3.2177073985,"1",5.8422921615,0,0.449238875846658,0.550761124153342,0.449238875846658
"80616",442.40680245,597.4971649,76.6838031,"1",1116.58777045,0.396213190004494,0.535109895265287,0.068676914730219,0.931323085269781
"80618",252.40174845,458.29665775,59.78879598,"1",770.48720218,0.327587204220732,0.594814107818151,0.0775986879611171,0.922401312038883
"80620",283.8861036,371.2440363,46.47984873,"1",701.60998863,0.40462095494725,0.529131629133317,0.0662474159194326,0.933752584080567
"80621",NA,NA,NA,"1",NA,NA,NA,NA,NA
"80622",163.69045595,318.96967545,41.41812775,"1",524.07825915,0.312339718528849,0.608629856096941,0.0790304253742101,0.92096957462579
"80623",78.56267497,133.3184892,169.88069265,"1",381.76185682,0.205789744487339,0.349218987749369,0.444991267763292,0.555008732236708
"80624",1264.052456,1722.9651175,162.3964038,"1",3149.4139773,0.401361162778504,0.547074830402925,0.051564006818571,0.948435993181429
"80625",65.049529175,207.42966175,32.74354469,"1",305.222735615,0.213121506312203,0.679600952176925,0.107277541510872,0.892722458489128
"80626",555.43450205,1065.599333,84.022878085,"1",1705.056713135,0.325757200784689,0.624964157960903,0.0492786412544082,0.950721358745592
"80627",45.331948805,107.79399955,8.8712878085,"1",161.9972361635,0.279831618603959,0.665406411262511,0.05476197013353,0.94523802986647
"80628",166.8059079,475.8308526,41.59776926,"1",684.23452976,0.243784697563434,0.695420695542654,0.0607946068939121,0.939205393106088
"80629",48.9008788,143.4269857,27.800447355,"1",220.128311855,0.222147157664169,0.651560830550849,0.126292011784983,0.873707988215017
"80630",371.6267766,556.58078515,57.34501761,"1",985.55257936,0.37707453096143,0.564739818865304,0.058185650173265,0.941814349826735
"80631",112.5940811,276.2893506,79.24085191,"1",468.12428361,0.240521769628605,0.590205123454309,0.169273106917086,0.830726893082914
"80632",56.5806663,134.2955998,30.92813479,"1",221.80440089,0.255092622477136,0.605468598734439,0.139438778788426,0.860561221211574
"80633",311.78898445,518.5159323,57.310444375,"1",887.615361125,0.351265872702818,0.584167371374479,0.0645667559227033,0.935433244077297
"80634",89.517048185,189.9751152,100.50489316,"1",379.997056545,0.235573004167203,0.499938386174059,0.264488609658738,0.735511390341262
"80635",51.21090705,101.57885255,35.58097941,"1",188.37073901,0.271862324897931,0.539249636561693,0.188888038540376,0.811111961459624
"80636",12.005275815,17.38179891,4.126388092,"1",33.513462817,0.358222481530921,0.518651235920119,0.12312628254896,0.87687371745104
"80637",55.3176732,145.5522507,93.566201675,"1",294.436125575,0.187876650978106,0.494342365142026,0.317780983879868,0.682219016120132
"80639",25.58278021,31.90709374,4.4208061325,"1",61.9106800825,0.413220791241661,0.515373013145417,0.0714061956129215,0.928593804387079
"80642",54.01089242,135.6089784,46.416812315,"1",236.036683135,0.228824145902392,0.574525012802519,0.196650841295089,0.803349158704911
"80643",109.179153885,287.95048965,49.946019705,"1",447.07566324,0.244207329680547,0.644075518589393,0.111717151730059,0.888282848269941
"80645",116.77977199,185.76146425,31.97699185,"1",334.51822809,0.349098381444796,0.555310439465864,0.0955911790893404,0.90440882091066
"80646",126.3067985,192.4762783,52.72279468,"1",371.50587148,0.339986008826242,0.518097540513197,0.141916450660561,0.858083549339439
"80647",NA,NA,NA,"1",NA,NA,NA,NA,NA
"80648",596.2650206,966.1713633,160.8211361,"1",1723.25752,0.346010398144092,0.560665688143929,0.0933239137119796,0.90667608628802
"80649",92.90509416,169.5614517,17.97569063,"1",280.44223649,0.331280677699605,0.604621664062525,0.0640976582378702,0.93590234176213
"80650",0,20.64672116,171.0092454,"1",191.65596656,0,0.107728037538223,0.892271962461778,0.107728037538223
"80651",0,0,4.832133234,"2",4.832133234,0,0,1,0
"80652",11.05979061,17.99041818,56.27664073,"2",85.32684952,0.129616769776642,0.210841233224991,0.659541996998368,0.340458003001632
"80653",NA,NA,NA,"2",NA,NA,NA,NA,NA
"80654",NA,NA,NA,"1",NA,NA,NA,NA,NA
"80656",967.1478078,1062.274381,120.4926292,"1",2149.914818,0.449854012681167,0.494100683481126,0.0560453038377077,0.943954696162292
"80657",25.25850775,44.12668272,13.18902882,"1",82.57421929,0.305888544477694,0.534388131058526,0.15972332446378,0.84027667553622
"80658",0,11.26828601,4.0174320495,"1",15.2857180595,0,0.737177407442552,0.262822592557448,0.737177407442552
"80659",669.752015,1383.0447315,131.82792505,"1",2184.62467155,0.306575323313917,0.633081164701268,0.060343511984815,0.939656488015185
"80665",16.42964851,124.638294,82.55460816,"1",223.62255067,0.0734704458954376,0.557360130391898,0.369169423712664,0.630830576287336
"80666",18.21288925,16.51546758,6.027772965,"1",40.756129795,0.446874846596312,0.405226592001533,0.147898561402155,0.852101438597845
"80667",NA,NA,NA,"1",NA,NA,NA,NA,NA
"80671",NA,NA,NA,"1",NA,NA,NA,NA,NA
"80672",0,13.180539725,26.31530455,"1",39.495844275,0,0.333719660054032,0.666280339945968,0.333719660054032
"80674",0,16.21858877,28.82433232,"1",45.04292109,0,0.360069648626778,0.639930351373222,0.360069648626778
"80675",1494.063187,3004.999668,203.81852315,"1",4702.88137815,0.317691021070944,0.638969905122739,0.0433390738063177,0.956660926193682
"80676",NA,NA,NA,"1",NA,NA,NA,NA,NA
"80677",31.01789004,329.12890945,192.6652244,"1",552.81202389,0.0561092897758172,0.59537219746778,0.348518512756403,0.651481487243597
"80683",0,0,4.9895687905,"3",4.9895687905,0,0,1,0
"80684",58.34569675,108.36797175,158.571483,"1",325.2851515,0.179367845353371,0.333147612949065,0.487484541697564,0.512515458302437
"80685",0,28.078644665,13.47950863,"1",41.558153295,0,0.675647073768753,0.324352926231247,0.675647073768753
"80686",42.877034575,58.83782934,17.13722185,"1",118.852085765,0.360759630754638,0.495050877410237,0.144189491835125,0.855810508164875
"80688",NA,NA,NA,"1",NA,NA,NA,NA,NA
"80689",9.626986595,27.27097686,8.3721235405,"1",45.2700869955,0.212656684224109,0.602406106767827,0.184937209008063,0.815062790991937
"80690",0,0,9.499360482,"2",9.499360482,0,0,1,0
"80691",NA,NA,NA,"1",NA,NA,NA,NA,NA
"80692",122.2671343,249.88340225,35.422249715,"1",407.572786265,0.299988464442037,0.613101292998321,0.0869102425596413,0.913089757440359
"80693",195.5910425,366.82417915,171.55326685,"1",733.9684885,0.266484250433866,0.499781918294167,0.233733831271968,0.766266168728033
"80695",91.39212417,178.64843525,95.66570869,"1",365.70626811,0.249905818246764,0.488502524644354,0.261591657108882,0.738408342891118
"80696",299.65811405,611.64422465,177.86525485,"1",1089.16759355,0.275125807841292,0.561570348100815,0.163303844057893,0.836696155942107
"80697",215.62928245,470.80548025,147.28977925,"1",833.72454195,0.258633723250685,0.564701476999624,0.176664799749691,0.823335200250308
"80700",0,18.834957355,102.1675031,"5",121.002460455,0,0.155657639391594,0.844342360608406,0.155657639391594
"80701",227.6841787,351.397465,236.1062967,"1",815.1879404,0.279302682751022,0.431063129844113,0.289634187404866,0.710365812595134
"80702",0,0,50.76933043,"1",50.76933043,0,0,1,0
"80706",0,0,21.540872405,"2",21.540872405,0,0,1,0
"80711",62.06207722,58.36041103,28.499507925,"1",148.921996175,0.416742179221598,0.391885769254798,0.191372051523604,0.808627948476397
"80712",687.8535112,703.06245105,130.51433975,"1",1521.430302,0.452109774792694,0.46210624970844,0.0857839754988658,0.914216024501134
"80713",0,0,34.209801085,"1",34.209801085,0,0,1,0
"80714",107.5110818,129.93864545,39.448906485,"1",276.898633735,0.38826873339827,0.469264306931738,0.142466959669991,0.857533040330009
"80715",NA,NA,NA,"1",NA,NA,NA,NA,NA
"80716",24.21795073,41.57759698,85.15743018,"1",150.95297789,0.160433739489709,0.275434095843394,0.564132164666897,0.435867835333103
"80719",331.7499887,614.41725595,54.00665116,"1",1000.17389581,0.331692308797291,0.614310429940194,0.053997261262515,0.946002738737485
"80771",34.129218085,71.54644963,6.4027042275,"1",112.0783719425,0.304512079302057,0.638360893274804,0.0571270274231393,0.942872972576861
"80773",13.826238205,27.44469388,5.350826516,"1",46.621758601,0.29656191915299,0.58866706669901,0.114771014148,0.885228985852
"80774",14.42112027,13.99091916,4.2981163055,"1",32.7101557355,0.440875928155515,0.427724015536123,0.131400056308362,0.868599943691638
"80776",NA,NA,NA,"1",NA,NA,NA,NA,NA
"80777",NA,NA,NA,"1",NA,NA,NA,NA,NA
"80779",NA,NA,NA,"1",NA,NA,NA,NA,NA
"80783",478.28095235,735.8948238,86.115179995,"1",1300.290956145,0.367826100835131,0.565946275579523,0.0662276235853455,0.933772376414654
"80784",52.3480382,81.17500045,11.82125644,"1",145.34429509,0.360165757916987,0.558501456144081,0.0813327859389324,0.918667214061068
"80786",395.68031475,930.25438145,73.816906945,"1",1399.751603145,0.28267895093742,0.664585330254225,0.0527357188083558,0.947264281191644
"80788",699.31680335,944.12759535,152.0194604,"1",1795.4638591,0.389490882707348,0.52584048994629,0.0846686273463626,0.915331372653637
